"DESCRIPTION","DURATION IN MS","NAME","PARENT SUITE","START TIME","STATUS","STOP TIME","SUB SUITE","SUITE","TEST CLASS","TEST METHOD"
"","4584","Verify SUBMIT button is clickable on Question 1","chromium","2026-04-02","passed","2026-04-02","Array Module","features\Array.feature.spec.js","",""
"","6090","Verify Title of Registration page","firefox","2026-04-02","passed","2026-04-02","Registration Page","features\Register.feature.spec.js","",""
"","4334","Verify Search the Array link is present on Practice page","chromium","2026-04-02","passed","2026-04-02","Array Module","features\Array.feature.spec.js","",""
"","4382","Verify Max Consecutive Ones link is present on Practice page","chromium","2026-04-02","passed","2026-04-02","Array Module","features\Array.feature.spec.js","",""
"","1767","Verify 7 Get Started buttons are visible","chromium","2026-04-02","passed","2026-04-02","Home Page - Non Functional and Functional Test Cases","features\Home.feature.spec.js","",""
"","5235","Verify Basic Operations in Lists title is displayed","webkit","2026-04-02","passed","2026-04-02","Array Module","features\Array.feature.spec.js","",""
"","3991","Verify Practice Questions link navigates to Practice page","chromium","2026-04-02","passed","2026-04-02","Array Module","features\Array.feature.spec.js","",""
"","6281","Verify Get Started button on Graph card","webkit","2026-04-02","passed","2026-04-02","Home Page - Non Functional and Functional Test Cases","features\Home.feature.spec.js","",""
"","9932","Verify Arrays in Python link navigates to correct page","webkit","2026-04-02","passed","2026-04-02","Array Module","features\Array.feature.spec.js","",""
"","2968","Verify Array title is displayed on top left corner","chromium","2026-04-02","passed","2026-04-02","Array Module","features\Array.feature.spec.js","",""
"","4513","Verify logged in user can access Array page","chromium","2026-04-02","passed","2026-04-02","Home Page - Non Functional and Functional Test Cases","features\Home.feature.spec.js","",""
"","4939","Verify back arrow navigates back to Practice page from Question 4","firefox","2026-04-02","passed","2026-04-02","Array Module","features\Array.feature.spec.js","",""
"","4035","Verify Search the Array link navigates to Question 1 page","chromium","2026-04-02","passed","2026-04-02","Array Module","features\Array.feature.spec.js","",""
"","6273","Verify Password field is present on Sign In page","webkit","2026-04-02","passed","2026-04-02","Sign In Page","features\Login.feature.spec.js","",""
"","2272","Verify Keyboard Navigation using Tab key","chromium","2026-04-02","passed","2026-04-02","Sign In Page","features\Login.feature.spec.js","",""
"","1815","Example #4","chromium","2026-04-02","passed","2026-04-02","Home Page - Non Functional and Functional Test Cases > Validate alert when unregistered user clicks Get Started on card","features\Home.feature.spec.js","",""
"","4692","Verify back arrow navigates back to Practice page from Question 2","firefox","2026-04-02","passed","2026-04-02","Array Module","features\Array.feature.spec.js","",""
"","5967","Verify Login button is present on Sign In page","firefox","2026-04-02","passed","2026-04-02","Sign In Page","features\Login.feature.spec.js","",""
"","4712","Verify back arrow navigates back to Applications of Array page","chromium","2026-04-02","passed","2026-04-02","Array Module","features\Array.feature.spec.js","",""
"","4870","Verify RUN button is clickable on Question 2","chromium","2026-04-02","passed","2026-04-02","Array Module","features\Array.feature.spec.js","",""
"","13773","Verify Deletion in list sub title is present","firefox","2026-04-02","passed","2026-04-02","Array Module","features\Array.feature.spec.js","",""
"","6592","Verify Try here link is present on Basic Operations page","firefox","2026-04-02","passed","2026-04-02","Array Module","features\Array.feature.spec.js","",""
"","7952","Login with empty fields","firefox","2026-04-02","passed","2026-04-02","Sign In Page","features\Login.feature.spec.js","",""
"","12784","Verify Try here link is highlighted on hover on Arrays Using List page","firefox","2026-04-02","passed","2026-04-02","Array Module","features\Array.feature.spec.js","",""
"","4950","Verify Max Consecutive Ones link navigates to Question 2 page","chromium","2026-04-02","passed","2026-04-02","Array Module","features\Array.feature.spec.js","",""
"","10499","Verify Search Operation sub title is present","webkit","2026-04-02","passed","2026-04-02","Array Module","features\Array.feature.spec.js","",""
"","6363","Verify Arrays in Python link is present","firefox","2026-04-02","passed","2026-04-02","Array Module","features\Array.feature.spec.js","",""
"","5241","Verify presence of Register button","firefox","2026-04-02","passed","2026-04-02","Registration Page","features\Register.feature.spec.js","",""
"","4634","Verify Home page URL after successful registration","webkit","2026-04-02","passed","2026-04-02","Registration Page","features\Register.feature.spec.js","",""
"","3734","Verify Max Consecutive Ones link navigates to Question 2 page","webkit","2026-04-02","passed","2026-04-02","Array Module","features\Array.feature.spec.js","",""
"","11551","Verify Insertion sub title is present on Arrays in Python page","firefox","2026-04-02","passed","2026-04-02","Array Module","features\Array.feature.spec.js","",""
"","1877","Verify content below Login button","chromium","2026-04-02","passed","2026-04-02","Sign In Page","features\Login.feature.spec.js","",""
"","2860","Validate successful registration with valid inputs","chromium","2026-04-02","passed","2026-04-02","Registration Page","features\Register.feature.spec.js","",""
"","1764","Verify Password field is present","chromium","2026-04-02","passed","2026-04-02","Registration Page","features\Register.feature.spec.js","",""
"","3962","Verify registered username is visible on Home page","webkit","2026-04-02","passed","2026-04-02","Registration Page","features\Register.feature.spec.js","",""
"","4362","Verify Deleting From the Start of an Array sub title is present","webkit","2026-04-02","passed","2026-04-02","Array Module","features\Array.feature.spec.js","",""
"","3385","Verify Max Consecutive Ones link is present on Practice page","webkit","2026-04-02","passed","2026-04-02","Array Module","features\Array.feature.spec.js","",""
"","6109","Verify Get Started button on Graph card","firefox","2026-04-02","passed","2026-04-02","Home Page - Non Functional and Functional Test Cases","features\Home.feature.spec.js","",""
"","2083","Example #7","chromium","2026-04-02","passed","2026-04-02","Home Page - Non Functional and Functional Test Cases > Validate alert when unregistered user clicks Get Started on card","features\Home.feature.spec.js","",""
"","1588","Verify 2 navigation links are present","chromium","2026-04-02","passed","2026-04-02","Home Page - Non Functional and Functional Test Cases","features\Home.feature.spec.js","",""
"","4627","Verify Squares of a Sorted Array link navigates to Question 4 page","firefox","2026-04-02","passed","2026-04-02","Array Module","features\Array.feature.spec.js","",""
"","1840","Validate error when all fields are empty","chromium","2026-04-02","passed","2026-04-02","Registration Page","features\Register.feature.spec.js","",""
"","4947","Verify that user is able to navigate to Login Page","firefox","2026-04-02","passed","2026-04-02","Sign In Page","features\Login.feature.spec.js","",""
"","5587","Verify Graph card is present","firefox","2026-04-02","passed","2026-04-02","Home Page - Non Functional and Functional Test Cases","features\Home.feature.spec.js","",""
"","2474","Verify Practice Questions link navigates to Practice page","firefox","2026-04-02","passed","2026-04-02","Array Module","features\Array.feature.spec.js","",""
"","3689","Verify SUBMIT button is clickable on Question 2","webkit","2026-04-02","passed","2026-04-02","Array Module","features\Array.feature.spec.js","",""
"","4561","Verify Find Numbers with Even Digits link navigates to Question 3 page","firefox","2026-04-02","passed","2026-04-02","Array Module","features\Array.feature.spec.js","",""
"","3342","Verify back arrow navigates back to Applications of Array page","webkit","2026-04-02","passed","2026-04-02","Array Module","features\Array.feature.spec.js","",""
"","3436","Verify logged in user can sign out successfully","chromium","2026-04-02","passed","2026-04-02","Sign In Page","features\Login.feature.spec.js","",""
"","4338","Verify Stack card is present","firefox","2026-04-02","passed","2026-04-02","Home Page - Non Functional and Functional Test Cases","features\Home.feature.spec.js","",""
"","4277","Verify registered user is able to sign out successfully","webkit","2026-04-02","passed","2026-04-02","Registration Page","features\Register.feature.spec.js","",""
"","1640","Verify Get Started button on Stack card","chromium","2026-04-02","passed","2026-04-02","Home Page - Non Functional and Functional Test Cases","features\Home.feature.spec.js","",""
"","4947","Verify full navigation flow from Launch page to Home page","chromium","2026-04-02","passed","2026-04-02","Home Page - Non Functional and Functional Test Cases","features\Home.feature.spec.js","",""
"","7548","Verify Try here link navigates to Editor page from Arrays Using List","webkit","2026-04-02","passed","2026-04-02","Array Module","features\Array.feature.spec.js","",""
"","20887","Verify Basic Operations in Lists title is displayed","firefox","2026-04-02","passed","2026-04-02","Array Module","features\Array.feature.spec.js","",""
"","2597","Verify Applications of Array link is present","chromium","2026-04-02","passed","2026-04-02","Array Module","features\Array.feature.spec.js","",""
"","5584","Verify logged in user can access Tree page","firefox","2026-04-02","passed","2026-04-02","Home Page - Non Functional and Functional Test Cases","features\Home.feature.spec.js","",""
"","4911","Verify Queue card is present","webkit","2026-04-02","passed","2026-04-02","Home Page - Non Functional and Functional Test Cases","features\Home.feature.spec.js","",""
"","10983","Verify Array page loads successfully","webkit","2026-04-02","passed","2026-04-02","Array Module","features\Array.feature.spec.js","",""
"","13223","Verify Practice Questions Link is present on Arrays in Python page","webkit","2026-04-02","passed","2026-04-02","Array Module","features\Array.feature.spec.js","",""
"","2939","Verify Practice Questions Link is present on Arrays in Python page","chromium","2026-04-02","passed","2026-04-02","Array Module","features\Array.feature.spec.js","",""
"","4383","Verify page title","firefox","2026-04-02","passed","2026-04-02","Launch Page - Non Functional Test Cases","features\Launch.feature.spec.js","",""
"","4351","Verify 2 navigation links are present","webkit","2026-04-02","passed","2026-04-02","Home Page - Non Functional and Functional Test Cases","features\Home.feature.spec.js","",""
"","1837","Validate error when username is empty and other fields filled","chromium","2026-04-02","passed","2026-04-02","Registration Page","features\Register.feature.spec.js","",""
"","4174","Verify Try here link is highlighted on hover on Basic Operations page","chromium","2026-04-02","passed","2026-04-02","Array Module","features\Array.feature.spec.js","",""
"","3745","Verify Get Started button on Queue card","firefox","2026-04-02","passed","2026-04-02","Home Page - Non Functional and Functional Test Cases","features\Home.feature.spec.js","",""
"","3044","Verify Try here link navigates to Editor page from Applications","webkit","2026-04-02","passed","2026-04-02","Array Module","features\Array.feature.spec.js","",""
"","4428","Verify back arrow navigates back to Practice page from Question 4","chromium","2026-04-02","passed","2026-04-02","Array Module","features\Array.feature.spec.js","",""
"","2875","Verify NumpyNinja title on top left of Home page","firefox","2026-04-02","passed","2026-04-02","Home Page - Non Functional and Functional Test Cases","features\Home.feature.spec.js","",""
"","11901","Verify logged in user can access Queue page","firefox","2026-04-02","passed","2026-04-02","Home Page - Non Functional and Functional Test Cases","features\Home.feature.spec.js","",""
"","2824","Verify Practice Questions link navigates to Practice page","webkit","2026-04-02","passed","2026-04-02","Array Module","features\Array.feature.spec.js","",""
"","5132","Verify SUBMIT button is clickable on Question 3","firefox","2026-04-02","passed","2026-04-02","Array Module","features\Array.feature.spec.js","",""
"","2056","Verify page title","chromium","2026-04-02","passed","2026-04-02","Launch Page - Non Functional Test Cases","features\Launch.feature.spec.js","",""
"","3919","Verify RUN button is clickable on Question 1","firefox","2026-04-02","passed","2026-04-02","Array Module","features\Array.feature.spec.js","",""
"","4014","Verify Register link is present","webkit","2026-04-02","passed","2026-04-02","Home Page - Non Functional and Functional Test Cases","features\Home.feature.spec.js","",""
"","5761","Verify Stack card is present","webkit","2026-04-02","passed","2026-04-02","Home Page - Non Functional and Functional Test Cases","features\Home.feature.spec.js","",""
"","5092","Verify SUBMIT button is clickable on Question 4","firefox","2026-04-02","passed","2026-04-02","Array Module","features\Array.feature.spec.js","",""
"","5111","Login with valid username and unregistered but valid password","webkit","2026-04-02","passed","2026-04-02","Sign In Page","features\Login.feature.spec.js","",""
"","3181","Example #6","webkit","2026-04-02","passed","2026-04-02","Home Page - Non Functional and Functional Test Cases > Validate alert when unregistered user clicks Get Started on card","features\Home.feature.spec.js","",""
"","8321","Verify Login button is present on Sign In page","webkit","2026-04-02","passed","2026-04-02","Sign In Page","features\Login.feature.spec.js","",""
"","4886","Verify Max Consecutive Ones link navigates to Question 2 page","firefox","2026-04-02","passed","2026-04-02","Array Module","features\Array.feature.spec.js","",""
"","15322","Verify Array page loads successfully","firefox","2026-04-02","passed","2026-04-02","Array Module","features\Array.feature.spec.js","",""
"","4675","Verify page title","webkit","2026-04-02","passed","2026-04-02","Launch Page - Non Functional Test Cases","features\Launch.feature.spec.js","",""
"","7216","Validate error when all fields are empty","firefox","2026-04-02","passed","2026-04-02","Registration Page","features\Register.feature.spec.js","",""
"","12299","Verify Username field is present on Sign In page","firefox","2026-04-02","passed","2026-04-02","Sign In Page","features\Login.feature.spec.js","",""
"","4586","Validate error when password contains only numbers","webkit","2026-04-02","passed","2026-04-02","Registration Page","features\Register.feature.spec.js","",""
"","3788","Verify Try here link is present on Applications of Array page","chromium","2026-04-02","passed","2026-04-02","Array Module","features\Array.feature.spec.js","",""
"","4273","Verify back arrow navigates back to Arrays in Python page","chromium","2026-04-02","passed","2026-04-02","Array Module","features\Array.feature.spec.js","",""
"","7438","Login with unregistered username and valid password","webkit","2026-04-02","passed","2026-04-02","Sign In Page","features\Login.feature.spec.js","",""
"","12461","Login with valid username and invalid password - only 5 characters","firefox","2026-04-02","passed","2026-04-02","Sign In Page","features\Login.feature.spec.js","",""
"","3031","Verify Try here link is highlighted on hover on Applications page","firefox","2026-04-02","passed","2026-04-02","Array Module","features\Array.feature.spec.js","",""
"","11618","Verify Update Operation sub title is present","webkit","2026-04-02","passed","2026-04-02","Array Module","features\Array.feature.spec.js","",""
"","5106","Verify Inserting at any location sub title is present","webkit","2026-04-02","passed","2026-04-02","Array Module","features\Array.feature.spec.js","",""
"","8747","Verify Deletion in Array sub title is present","firefox","2026-04-02","passed","2026-04-02","Array Module","features\Array.feature.spec.js","",""
"","3242","Verify Username field character rule text","webkit","2026-04-02","passed","2026-04-02","Registration Page","features\Register.feature.spec.js","",""
"","4507","Verify Data Structures dropdown options for logged in user","chromium","2026-04-02","passed","2026-04-02","Home Page - Non Functional and Functional Test Cases","features\Home.feature.spec.js","",""
"","22153","Verify Inserting at any location sub title is present","firefox","2026-04-02","passed","2026-04-02","Array Module","features\Array.feature.spec.js","",""
"","2928","Example #2","chromium","2026-04-02","passed","2026-04-02","Home Page - Non Functional and Functional Test Cases > Validate alert when unregistered user selects from dropdown","features\Home.feature.spec.js","",""
"","5135","Verify cursor is focused on Username field","firefox","2026-04-02","passed","2026-04-02","Registration Page","features\Register.feature.spec.js","",""
"","10930","Example #5","firefox","2026-04-02","passed","2026-04-02","Home Page - Non Functional and Functional Test Cases > Validate alert when unregistered user selects from dropdown","features\Home.feature.spec.js","",""
"","5941","Verify Arrays Using List link is present","firefox","2026-04-02","passed","2026-04-02","Array Module","features\Array.feature.spec.js","",""
"","3413","Example #4","chromium","2026-04-02","passed","2026-04-02","Home Page - Non Functional and Functional Test Cases > Validate alert when unregistered user selects from dropdown","features\Home.feature.spec.js","",""
"","4762","Verify Register link navigates to Registration page","firefox","2026-04-02","passed","2026-04-02","Registration Page","features\Register.feature.spec.js","",""
"","5099","Verify Try here link navigates to Editor page from Applications","chromium","2026-04-02","passed","2026-04-02","Array Module","features\Array.feature.spec.js","",""
"","4899","Verify logged in user can access Linked List page","chromium","2026-04-02","passed","2026-04-02","Home Page - Non Functional and Functional Test Cases","features\Home.feature.spec.js","",""
"","4673","Verify Linked List card is present","webkit","2026-04-02","passed","2026-04-02","Home Page - Non Functional and Functional Test Cases","features\Home.feature.spec.js","",""
"","1355","Verify Array card is present","chromium","2026-04-02","passed","2026-04-02","Home Page - Non Functional and Functional Test Cases","features\Home.feature.spec.js","",""
"","3675","Verify Try here link navigates to Editor page from Basic Operations","webkit","2026-04-02","passed","2026-04-02","Array Module","features\Array.feature.spec.js","",""
"","2267","Example #1","chromium","2026-04-02","passed","2026-04-02","Home Page - Non Functional and Functional Test Cases > Validate alert when unregistered user clicks Get Started on card","features\Home.feature.spec.js","",""
"","5268","Verify Get Started button is enabled","webkit","2026-04-02","passed","2026-04-02","Launch Page - Non Functional Test Cases","features\Launch.feature.spec.js","",""
"","5126","Verify back arrow navigates back to Practice page from Question 3","chromium","2026-04-02","passed","2026-04-02","Array Module","features\Array.feature.spec.js","",""
"","3171","Example #6","chromium","2026-04-02","passed","2026-04-02","Home Page - Non Functional and Functional Test Cases > Validate alert when unregistered user selects from dropdown","features\Home.feature.spec.js","",""
"","4779","Validate successful registration with valid inputs","webkit","2026-04-02","passed","2026-04-02","Registration Page","features\Register.feature.spec.js","",""
"","4245","Example #5","webkit","2026-04-02","passed","2026-04-02","Home Page - Non Functional and Functional Test Cases > Validate alert when unregistered user selects from dropdown","features\Home.feature.spec.js","",""
"","3518","Verify Applications of Array link navigates to correct page","chromium","2026-04-02","passed","2026-04-02","Array Module","features\Array.feature.spec.js","",""
"","9735","Verify Keyboard Navigation using Tab key","webkit","2026-04-02","passed","2026-04-02","Sign In Page","features\Login.feature.spec.js","",""
"","5406","Verify Basic Operations in Lists link is present","firefox","2026-04-02","passed","2026-04-02","Array Module","features\Array.feature.spec.js","",""
"","6179","Verify Array card is present","webkit","2026-04-02","passed","2026-04-02","Home Page - Non Functional and Functional Test Cases","features\Home.feature.spec.js","",""
"","5140","Verify Get Started button on Tree card","webkit","2026-04-02","passed","2026-04-02","Home Page - Non Functional and Functional Test Cases","features\Home.feature.spec.js","",""
"","5411","Verify Basic Operations in Lists title is displayed","chromium","2026-04-02","passed","2026-04-02","Array Module","features\Array.feature.spec.js","",""
"","3498","Verify user can land on DS Algo portal","chromium","2026-04-02","passed","2026-04-02","Launch Page - Non Functional Test Cases","features\Launch.feature.spec.js","",""
"","3090","Verify Data Structures dropdown is present","firefox","2026-04-02","passed","2026-04-02","Home Page - Non Functional and Functional Test Cases","features\Home.feature.spec.js","",""
"","3550","Verify back arrow navigates back to Basic Operations page","webkit","2026-04-02","passed","2026-04-02","Array Module","features\Array.feature.spec.js","",""
"","6571","Verify Topics Covered sub title is present","firefox","2026-04-02","passed","2026-04-02","Array Module","features\Array.feature.spec.js","",""
"","5634","Verify Get Started button on Linked List card","firefox","2026-04-02","passed","2026-04-02","Home Page - Non Functional and Functional Test Cases","features\Home.feature.spec.js","",""
"","2540","Verify Arrays in Python link is present","chromium","2026-04-02","passed","2026-04-02","Array Module","features\Array.feature.spec.js","",""
"","2175","Verify cursor is focused on Username field","chromium","2026-04-02","passed","2026-04-02","Registration Page","features\Register.feature.spec.js","",""
"","6101","Verify 7 Get Started buttons are visible","webkit","2026-04-02","passed","2026-04-02","Home Page - Non Functional and Functional Test Cases","features\Home.feature.spec.js","",""
"","8951","Verify user can land on DS Algo portal","firefox","2026-04-02","passed","2026-04-02","Launch Page - Non Functional Test Cases","features\Launch.feature.spec.js","",""
"","1443","Verify NumpyNinja title on top left of Home page","chromium","2026-04-02","passed","2026-04-02","Home Page - Non Functional and Functional Test Cases","features\Home.feature.spec.js","",""
"","3500","Verify SUBMIT button is clickable on Question 4","webkit","2026-04-02","passed","2026-04-02","Array Module","features\Array.feature.spec.js","",""
"","4742","Verify back arrow navigates back to Practice page from Question 1","firefox","2026-04-02","passed","2026-04-02","Array Module","features\Array.feature.spec.js","",""
"","3217","Verify logged in user can access Array page","webkit","2026-04-02","passed","2026-04-02","Home Page - Non Functional and Functional Test Cases","features\Home.feature.spec.js","",""
"","2807","Example #1","chromium","2026-04-02","passed","2026-04-02","Home Page - Non Functional and Functional Test Cases > Validate alert when unregistered user selects from dropdown","features\Home.feature.spec.js","",""
"","2810","Verify Try here link is highlighted on hover on Applications page","webkit","2026-04-02","passed","2026-04-02","Array Module","features\Array.feature.spec.js","",""
"","1939","Verify Data Structures Introduction text is visible","chromium","2026-04-02","passed","2026-04-02","Home Page - Non Functional and Functional Test Cases","features\Home.feature.spec.js","",""
"","3471","Verify Signin link is present","firefox","2026-04-02","passed","2026-04-02","Home Page - Non Functional and Functional Test Cases","features\Home.feature.spec.js","",""
"","8655","Example #5","chromium","2026-04-02","passed","2026-04-02","Home Page - Non Functional and Functional Test Cases > Validate alert when unregistered user selects from dropdown","features\Home.feature.spec.js","",""
"","3163","Verify Get Started button on Tree card","firefox","2026-04-02","passed","2026-04-02","Home Page - Non Functional and Functional Test Cases","features\Home.feature.spec.js","",""
"","8982","Validate error when password contains only numbers","firefox","2026-04-02","passed","2026-04-02","Registration Page","features\Register.feature.spec.js","",""
"","5680","Verify Find Numbers with Even Digits link navigates to Question 3 page","chromium","2026-04-02","passed","2026-04-02","Array Module","features\Array.feature.spec.js","",""
"","2120","Verify Password confirmation field is present","chromium","2026-04-02","passed","2026-04-02","Registration Page","features\Register.feature.spec.js","",""
"","4560","Verify Keyboard Navigation using Tab key","firefox","2026-04-02","passed","2026-04-02","Sign In Page","features\Login.feature.spec.js","",""
"","4648","Verify Get Started button on Array card","webkit","2026-04-02","passed","2026-04-02","Home Page - Non Functional and Functional Test Cases","features\Home.feature.spec.js","",""
"","12114","Verify Try here link is highlighted on hover on Arrays Using List page","webkit","2026-04-02","passed","2026-04-02","Array Module","features\Array.feature.spec.js","",""
"","3339","Verify Try here link is highlighted on hover on Applications page","chromium","2026-04-02","passed","2026-04-02","Array Module","features\Array.feature.spec.js","",""
"","2598","Verify Try here link is present on Arrays in Python page","chromium","2026-04-02","passed","2026-04-02","Array Module","features\Array.feature.spec.js","",""
"","4747","Login with invalid username and valid password","webkit","2026-04-02","passed","2026-04-02","Sign In Page","features\Login.feature.spec.js","",""
"","4033","Verify Arrays Using List link is present","chromium","2026-04-02","passed","2026-04-02","Array Module","features\Array.feature.spec.js","",""
"","12081","Valid login with correct credentials","firefox","2026-04-02","passed","2026-04-02","Sign In Page","features\Login.feature.spec.js","",""
"","3590","Verify Get Started button text","firefox","2026-04-02","passed","2026-04-02","Launch Page - Non Functional Test Cases","features\Launch.feature.spec.js","",""
"","19402","Verify Basic Operations in Lists link navigates to correct page","firefox","2026-04-02","passed","2026-04-02","Array Module","features\Array.feature.spec.js","",""
"","4284","Verify Squares of a Sorted Array link is present on Practice page","firefox","2026-04-02","passed","2026-04-02","Array Module","features\Array.feature.spec.js","",""
"","6653","Verify Username field is present","firefox","2026-04-02","passed","2026-04-02","Registration Page","features\Register.feature.spec.js","",""
"","3392","Verify Register link navigates to Registration page","chromium","2026-04-02","passed","2026-04-02","Registration Page","features\Register.feature.spec.js","",""
"","7546","Verify Arrays in Python link is present","webkit","2026-04-02","passed","2026-04-02","Array Module","features\Array.feature.spec.js","",""
"","9430","Login with valid username and unregistered but valid password","firefox","2026-04-02","passed","2026-04-02","Sign In Page","features\Login.feature.spec.js","",""
"","3730","Verify SUBMIT button is clickable on Question 1","firefox","2026-04-02","passed","2026-04-02","Array Module","features\Array.feature.spec.js","",""
"","12447","Verify full navigation flow from Launch page to Home page","firefox","2026-04-02","passed","2026-04-02","Home Page - Non Functional and Functional Test Cases","features\Home.feature.spec.js","",""
"","8849","Example #4","firefox","2026-04-02","passed","2026-04-02","Home Page - Non Functional and Functional Test Cases > Validate alert when unregistered user clicks Get Started on card","features\Home.feature.spec.js","",""
"","3146","Verify Search the Array link is present on Practice page","webkit","2026-04-02","passed","2026-04-02","Array Module","features\Array.feature.spec.js","",""
"","12347","Validate successful registration with valid inputs","firefox","2026-04-02","passed","2026-04-02","Registration Page","features\Register.feature.spec.js","",""
"","7009","Verify Register link navigates to Registration page","webkit","2026-04-02","passed","2026-04-02","Registration Page","features\Register.feature.spec.js","",""
"","9515","Verify Search Operation sub title is present","firefox","2026-04-02","passed","2026-04-02","Array Module","features\Array.feature.spec.js","",""
"","3616","Verify RUN button is clickable on Question 3","webkit","2026-04-02","passed","2026-04-02","Array Module","features\Array.feature.spec.js","",""
"","6524","Verify Array title is displayed on top left corner","firefox","2026-04-02","passed","2026-04-02","Array Module","features\Array.feature.spec.js","",""
"","4897","Verify RUN button is clickable on Question 4","chromium","2026-04-02","passed","2026-04-02","Array Module","features\Array.feature.spec.js","",""
"","3805","Verify Deletion in Array sub title is present","webkit","2026-04-02","passed","2026-04-02","Array Module","features\Array.feature.spec.js","",""
"","5743","Login with valid username and invalid password - all numbers","webkit","2026-04-02","passed","2026-04-02","Sign In Page","features\Login.feature.spec.js","",""
"","5784","Verify Get Started button on Stack card","webkit","2026-04-02","passed","2026-04-02","Home Page - Non Functional and Functional Test Cases","features\Home.feature.spec.js","",""
"","4286","Verify Applications of Array title is displayed","firefox","2026-04-02","passed","2026-04-02","Array Module","features\Array.feature.spec.js","",""
"","5119","Verify Get Started button on Linked List card","webkit","2026-04-02","passed","2026-04-02","Home Page - Non Functional and Functional Test Cases","features\Home.feature.spec.js","",""
"","3517","Verify Insertion sub title is present on Arrays in Python page","chromium","2026-04-02","passed","2026-04-02","Array Module","features\Array.feature.spec.js","",""
"","4795","Verify back arrow navigates back to Arrays Using List page","chromium","2026-04-02","passed","2026-04-02","Array Module","features\Array.feature.spec.js","",""
"","3282","Verify Data Structures dropdown is present","webkit","2026-04-02","passed","2026-04-02","Home Page - Non Functional and Functional Test Cases","features\Home.feature.spec.js","",""
"","5355","Verify Try here link is highlighted on hover on Arrays Using List page","chromium","2026-04-02","passed","2026-04-02","Array Module","features\Array.feature.spec.js","",""
"","8591","Verify Practice Questions Link is present on Arrays in Python page","firefox","2026-04-02","passed","2026-04-02","Array Module","features\Array.feature.spec.js","",""
"","4746","Verify user can sign out successfully from Array Practice page","chromium","2026-04-02","passed","2026-04-02","Array Module","features\Array.feature.spec.js","",""
"","2919","Verify password rule - minimum 8 characters","webkit","2026-04-02","passed","2026-04-02","Registration Page","features\Register.feature.spec.js","",""
"","3978","Verify Try here link is present on Basic Operations page","chromium","2026-04-02","passed","2026-04-02","Array Module","features\Array.feature.spec.js","",""
"","1992","Verify launch page heading text","chromium","2026-04-02","passed","2026-04-02","Launch Page - Non Functional Test Cases","features\Launch.feature.spec.js","",""
"","19323","Verify Insertion in Lists sub title is present","firefox","2026-04-02","passed","2026-04-02","Array Module","features\Array.feature.spec.js","",""
"","1622","Verify Linked List card is present","chromium","2026-04-02","passed","2026-04-02","Home Page - Non Functional and Functional Test Cases","features\Home.feature.spec.js","",""
"","4850","Verify registered user is able to sign out successfully","chromium","2026-04-02","passed","2026-04-02","Registration Page","features\Register.feature.spec.js","",""
"","4567","Verify content below Login button","firefox","2026-04-02","passed","2026-04-02","Sign In Page","features\Login.feature.spec.js","",""
"","4834","Verify RUN button is clickable on Question 1","chromium","2026-04-02","passed","2026-04-02","Array Module","features\Array.feature.spec.js","",""
"","3921","Example #6","webkit","2026-04-02","passed","2026-04-02","Home Page - Non Functional and Functional Test Cases > Validate alert when unregistered user selects from dropdown","features\Home.feature.spec.js","",""
"","6817","Example #7","firefox","2026-04-02","passed","2026-04-02","Home Page - Non Functional and Functional Test Cases > Validate alert when unregistered user clicks Get Started on card","features\Home.feature.spec.js","",""
"","6149","Verify Password confirmation field is present","firefox","2026-04-02","passed","2026-04-02","Registration Page","features\Register.feature.spec.js","",""
"","9298","Verify Home page URL after successful registration","firefox","2026-04-02","passed","2026-04-02","Registration Page","features\Register.feature.spec.js","",""
"","1536","Verify Register link is present","chromium","2026-04-02","passed","2026-04-02","Home Page - Non Functional and Functional Test Cases","features\Home.feature.spec.js","",""
"","6326","Verify back arrow navigates back to Basic Operations page","firefox","2026-04-02","passed","2026-04-02","Array Module","features\Array.feature.spec.js","",""
"","7125","Verify Deleting From the Start of an Array sub title is present","firefox","2026-04-02","passed","2026-04-02","Array Module","features\Array.feature.spec.js","",""
"","1827","Verify Login button is present on Sign In page","chromium","2026-04-02","passed","2026-04-02","Sign In Page","features\Login.feature.spec.js","",""
"","9079","Verify Topics Covered sub title is present","webkit","2026-04-02","passed","2026-04-02","Array Module","features\Array.feature.spec.js","",""
"","4727","Verify Username field is present","webkit","2026-04-02","passed","2026-04-02","Registration Page","features\Register.feature.spec.js","",""
"","5739","Login with valid username and invalid password - only 5 characters","webkit","2026-04-02","passed","2026-04-02","Sign In Page","features\Login.feature.spec.js","",""
"","4237","Example #5","webkit","2026-04-02","passed","2026-04-02","Home Page - Non Functional and Functional Test Cases > Validate alert when unregistered user clicks Get Started on card","features\Home.feature.spec.js","",""
"","7867","Verify back arrow navigates back to Arrays Using List page","webkit","2026-04-02","passed","2026-04-02","Array Module","features\Array.feature.spec.js","",""
"","2195","Validate error when password contains only numbers","chromium","2026-04-02","passed","2026-04-02","Registration Page","features\Register.feature.spec.js","",""
"","2911","Verify Max Consecutive Ones link is present on Practice page","firefox","2026-04-02","passed","2026-04-02","Array Module","features\Array.feature.spec.js","",""
"","1804","Example #5","chromium","2026-04-02","passed","2026-04-02","Home Page - Non Functional and Functional Test Cases > Validate alert when unregistered user clicks Get Started on card","features\Home.feature.spec.js","",""
"","4778","Login with unregistered username and unregistered password","webkit","2026-04-02","passed","2026-04-02","Sign In Page","features\Login.feature.spec.js","",""
"","9406","Verify Deletion Operation sub title is present","webkit","2026-04-02","passed","2026-04-02","Array Module","features\Array.feature.spec.js","",""
"","7505","Login with unregistered username and valid password","firefox","2026-04-02","passed","2026-04-02","Sign In Page","features\Login.feature.spec.js","",""
"","4713","Verify Data Structures Introduction text is visible","webkit","2026-04-02","passed","2026-04-02","Home Page - Non Functional and Functional Test Cases","features\Home.feature.spec.js","",""
"","4923","Verify SUBMIT button is clickable on Question 4","chromium","2026-04-02","passed","2026-04-02","Array Module","features\Array.feature.spec.js","",""
"","4717","Verify RUN button is clickable on Question 3","firefox","2026-04-02","passed","2026-04-02","Array Module","features\Array.feature.spec.js","",""
"","8428","Example #6","firefox","2026-04-02","passed","2026-04-02","Home Page - Non Functional and Functional Test Cases > Validate alert when unregistered user selects from dropdown","features\Home.feature.spec.js","",""
"","4227","Verify Squares of a Sorted Array link is present on Practice page","chromium","2026-04-02","passed","2026-04-02","Array Module","features\Array.feature.spec.js","",""
"","6183","Verify SUBMIT button is clickable on Question 3","chromium","2026-04-02","passed","2026-04-02","Array Module","features\Array.feature.spec.js","",""
"","2815","Verify 7 Get Started buttons are visible","firefox","2026-04-02","passed","2026-04-02","Home Page - Non Functional and Functional Test Cases","features\Home.feature.spec.js","",""
"","3632","Verify Password confirmation field is present","webkit","2026-04-02","passed","2026-04-02","Registration Page","features\Register.feature.spec.js","",""
"","9237","Verify logged in user can access Stack page","firefox","2026-04-02","passed","2026-04-02","Home Page - Non Functional and Functional Test Cases","features\Home.feature.spec.js","",""
"","3584","Verify Data Structures Introduction text is visible","firefox","2026-04-02","passed","2026-04-02","Home Page - Non Functional and Functional Test Cases","features\Home.feature.spec.js","",""
"","4668","Verify SUBMIT button is clickable on Question 2","firefox","2026-04-02","passed","2026-04-02","Array Module","features\Array.feature.spec.js","",""
"","2991","Verify Register link is present","firefox","2026-04-02","passed","2026-04-02","Home Page - Non Functional and Functional Test Cases","features\Home.feature.spec.js","",""
"","3173","Verify logged in user can access Graph page","webkit","2026-04-02","passed","2026-04-02","Home Page - Non Functional and Functional Test Cases","features\Home.feature.spec.js","",""
"","10214","Verify logged in user can access Graph page","firefox","2026-04-02","passed","2026-04-02","Home Page - Non Functional and Functional Test Cases","features\Home.feature.spec.js","",""
"","9690","Verify Try here link is present on Arrays in Python page","firefox","2026-04-02","passed","2026-04-02","Array Module","features\Array.feature.spec.js","",""
"","3498","Verify back arrow navigates back to Practice page from Question 3","webkit","2026-04-02","passed","2026-04-02","Array Module","features\Array.feature.spec.js","",""
"","3876","Verify back arrow navigates back to Practice page from Question 2","webkit","2026-04-02","passed","2026-04-02","Array Module","features\Array.feature.spec.js","",""
"","1447","Verify Get Started button on Array card","chromium","2026-04-02","passed","2026-04-02","Home Page - Non Functional and Functional Test Cases","features\Home.feature.spec.js","",""
"","7573","Verify Arrays Using List link is present","webkit","2026-04-02","passed","2026-04-02","Array Module","features\Array.feature.spec.js","",""
"","7310","Example #6","firefox","2026-04-02","passed","2026-04-02","Home Page - Non Functional and Functional Test Cases > Validate alert when unregistered user clicks Get Started on card","features\Home.feature.spec.js","",""
"","6421","Verify Squares of a Sorted Array link navigates to Question 4 page","chromium","2026-04-02","passed","2026-04-02","Array Module","features\Array.feature.spec.js","",""
"","7432","Verify full navigation flow from Launch page to Home page","webkit","2026-04-02","passed","2026-04-02","Home Page - Non Functional and Functional Test Cases","features\Home.feature.spec.js","",""
"","2879","Verify Squares of a Sorted Array link is present on Practice page","webkit","2026-04-02","passed","2026-04-02","Array Module","features\Array.feature.spec.js","",""
"","3936","Verify Array card is present","firefox","2026-04-02","passed","2026-04-02","Home Page - Non Functional and Functional Test Cases","features\Home.feature.spec.js","",""
"","1985","Verify Username field character rule text","chromium","2026-04-02","passed","2026-04-02","Registration Page","features\Register.feature.spec.js","",""
"","4757","Verify back arrow navigates back to Practice page from Question 3","firefox","2026-04-02","passed","2026-04-02","Array Module","features\Array.feature.spec.js","",""
"","5012","Verify logged in user can access Linked List page","webkit","2026-04-02","passed","2026-04-02","Home Page - Non Functional and Functional Test Cases","features\Home.feature.spec.js","",""
"","5080","Verify RUN button is clickable on Question 4","firefox","2026-04-02","passed","2026-04-02","Array Module","features\Array.feature.spec.js","",""
"","7519","Example #1","firefox","2026-04-02","passed","2026-04-02","Home Page - Non Functional and Functional Test Cases > Validate alert when unregistered user clicks Get Started on card","features\Home.feature.spec.js","",""
"","6112","Verify Array page loads successfully","chromium","2026-04-02","passed","2026-04-02","Array Module","features\Array.feature.spec.js","",""
"","9458","Verify Array title is displayed on top left corner","webkit","2026-04-02","passed","2026-04-02","Array Module","features\Array.feature.spec.js","",""
"","13092","Verify Arrays Using List link navigates to correct page","webkit","2026-04-02","passed","2026-04-02","Array Module","features\Array.feature.spec.js","",""
"","2777","Login with invalid username and valid password","chromium","2026-04-02","passed","2026-04-02","Sign In Page","features\Login.feature.spec.js","",""
"","6885","Verify Username field is present on Sign In page","webkit","2026-04-02","passed","2026-04-02","Sign In Page","features\Login.feature.spec.js","",""
"","1320","Verify Get Started button on Tree card","chromium","2026-04-02","passed","2026-04-02","Home Page - Non Functional and Functional Test Cases","features\Home.feature.spec.js","",""
"","8194","Verify Password field is present","firefox","2026-04-02","passed","2026-04-02","Registration Page","features\Register.feature.spec.js","",""
"","2472","Login with valid username and invalid password - all numbers","chromium","2026-04-02","passed","2026-04-02","Sign In Page","features\Login.feature.spec.js","",""
"","8359","Example #2","webkit","2026-04-02","passed","2026-04-02","Home Page - Non Functional and Functional Test Cases > Validate alert when unregistered user clicks Get Started on card","features\Home.feature.spec.js","",""
"","12911","Verify Try here link is highlighted on hover","webkit","2026-04-02","passed","2026-04-02","Array Module","features\Array.feature.spec.js","",""
"","3998","Verify Deletion Operation sub title is present","chromium","2026-04-02","passed","2026-04-02","Array Module","features\Array.feature.spec.js","",""
"","9424","Verify Insertion sub title is present on Arrays in Python page","webkit","2026-04-02","passed","2026-04-02","Array Module","features\Array.feature.spec.js","",""
"","5111","Verify Practice page title is NumpyNinja","chromium","2026-04-02","passed","2026-04-02","Array Module","features\Array.feature.spec.js","",""
"","3483","Verify Update Operation sub title is present","chromium","2026-04-02","passed","2026-04-02","Array Module","features\Array.feature.spec.js","",""
"","1653","Verify Tree card is present","chromium","2026-04-02","passed","2026-04-02","Home Page - Non Functional and Functional Test Cases","features\Home.feature.spec.js","",""
"","4641","Valid login with correct credentials","webkit","2026-04-02","passed","2026-04-02","Sign In Page","features\Login.feature.spec.js","",""
"","12679","Verify Try here link is highlighted on hover","firefox","2026-04-02","passed","2026-04-02","Array Module","features\Array.feature.spec.js","",""
"","7610","Verify Try here link navigates to Editor page from Basic Operations","chromium","2026-04-02","passed","2026-04-02","Array Module","features\Array.feature.spec.js","",""
"","2550","Verify Applications of Array title is displayed","webkit","2026-04-02","passed","2026-04-02","Array Module","features\Array.feature.spec.js","",""
"","2111","Example #6","chromium","2026-04-02","passed","2026-04-02","Home Page - Non Functional and Functional Test Cases > Validate alert when unregistered user clicks Get Started on card","features\Home.feature.spec.js","",""
"","4359","Verify 7 cards are visible on Home page","firefox","2026-04-02","passed","2026-04-02","Home Page - Non Functional and Functional Test Cases","features\Home.feature.spec.js","",""
"","3076","Verify Search the Array link is present on Practice page","firefox","2026-04-02","passed","2026-04-02","Array Module","features\Array.feature.spec.js","",""
"","3409","Verify Basic Operations in Lists link is present","chromium","2026-04-02","passed","2026-04-02","Array Module","features\Array.feature.spec.js","",""
"","8791","Verify Title of Registration page","webkit","2026-04-02","passed","2026-04-02","Registration Page","features\Register.feature.spec.js","",""
"","5037","Verify Get Started button on Queue card","webkit","2026-04-02","passed","2026-04-02","Home Page - Non Functional and Functional Test Cases","features\Home.feature.spec.js","",""
"","1412","Verify Queue card is present","chromium","2026-04-02","passed","2026-04-02","Home Page - Non Functional and Functional Test Cases","features\Home.feature.spec.js","",""
"","2366","Verify Get Started button on Graph card","chromium","2026-04-02","passed","2026-04-02","Home Page - Non Functional and Functional Test Cases","features\Home.feature.spec.js","",""
"","3188","Verify logged in user can access Queue page","webkit","2026-04-02","passed","2026-04-02","Home Page - Non Functional and Functional Test Cases","features\Home.feature.spec.js","",""
"","7994","Verify Update Operation sub title is present","firefox","2026-04-02","passed","2026-04-02","Array Module","features\Array.feature.spec.js","",""
"","5299","Verify NumpyNinja title on top left of Home page","webkit","2026-04-02","passed","2026-04-02","Home Page - Non Functional and Functional Test Cases","features\Home.feature.spec.js","",""
"","20129","Verify Inserting at the beginning sub title is present","firefox","2026-04-02","passed","2026-04-02","Array Module","features\Array.feature.spec.js","",""
"","5805","Verify content below Login button","webkit","2026-04-02","passed","2026-04-02","Sign In Page","features\Login.feature.spec.js","",""
"","3003","Example #3","chromium","2026-04-02","passed","2026-04-02","Home Page - Non Functional and Functional Test Cases > Validate alert when unregistered user selects from dropdown","features\Home.feature.spec.js","",""
"","2844","Login with valid username and unregistered but valid password","chromium","2026-04-02","passed","2026-04-02","Sign In Page","features\Login.feature.spec.js","",""
"","3975","Validate error when all fields are empty","webkit","2026-04-02","passed","2026-04-02","Registration Page","features\Register.feature.spec.js","",""
"","3647","Verify logged in user can access Stack page","chromium","2026-04-02","passed","2026-04-02","Home Page - Non Functional and Functional Test Cases","features\Home.feature.spec.js","",""
"","1572","Verify Data Structures dropdown is present","chromium","2026-04-02","passed","2026-04-02","Home Page - Non Functional and Functional Test Cases","features\Home.feature.spec.js","",""
"","3617","Verify back arrow navigates back to Practice page from Question 4","webkit","2026-04-02","passed","2026-04-02","Array Module","features\Array.feature.spec.js","",""
"","3332","Verify launch page heading text","firefox","2026-04-02","passed","2026-04-02","Launch Page - Non Functional Test Cases","features\Launch.feature.spec.js","",""
"","2681","Verify Get Started button is enabled","firefox","2026-04-02","passed","2026-04-02","Launch Page - Non Functional Test Cases","features\Launch.feature.spec.js","",""
"","3461","Verify RUN button is clickable on Question 1","webkit","2026-04-02","passed","2026-04-02","Array Module","features\Array.feature.spec.js","",""
"","6356","Verify Get Started button text","webkit","2026-04-02","passed","2026-04-02","Launch Page - Non Functional Test Cases","features\Launch.feature.spec.js","",""
"","5098","Verify logged in user can access Graph page","chromium","2026-04-02","passed","2026-04-02","Home Page - Non Functional and Functional Test Cases","features\Home.feature.spec.js","",""
"","16774","Verify back arrow navigates back to Arrays in Python page","webkit","2026-04-02","passed","2026-04-02","Array Module","features\Array.feature.spec.js","",""
"","2846","Verify logged in user can access Tree page","chromium","2026-04-02","passed","2026-04-02","Home Page - Non Functional and Functional Test Cases","features\Home.feature.spec.js","",""
"","4644","Verify SUBMIT button is clickable on Question 2","chromium","2026-04-02","passed","2026-04-02","Array Module","features\Array.feature.spec.js","",""
"","7993","Verify Deletion in list sub title is present","chromium","2026-04-02","passed","2026-04-02","Array Module","features\Array.feature.spec.js","",""
"","7287","Login with valid username and invalid password - all numbers","firefox","2026-04-02","passed","2026-04-02","Sign In Page","features\Login.feature.spec.js","",""
"","8271","Example #1","firefox","2026-04-02","passed","2026-04-02","Home Page - Non Functional and Functional Test Cases > Validate alert when unregistered user selects from dropdown","features\Home.feature.spec.js","",""
"","9426","Verify Arrays in Python link navigates to correct page","firefox","2026-04-02","passed","2026-04-02","Array Module","features\Array.feature.spec.js","",""
"","11428","Verify logged in user can sign out successfully","firefox","2026-04-02","passed","2026-04-02","Sign In Page","features\Login.feature.spec.js","",""
"","2589","Verify Get Started button on Queue card","chromium","2026-04-02","passed","2026-04-02","Home Page - Non Functional and Functional Test Cases","features\Home.feature.spec.js","",""
"","4065","Example #1","webkit","2026-04-02","passed","2026-04-02","Home Page - Non Functional and Functional Test Cases > Validate alert when unregistered user selects from dropdown","features\Home.feature.spec.js","",""
"","5820","Verify launch page has 1 button","webkit","2026-04-02","passed","2026-04-02","Launch Page - Non Functional Test Cases","features\Launch.feature.spec.js","",""
"","27176","Verify logged in user can access Linked List page","firefox","2026-04-02","passed","2026-04-02","Home Page - Non Functional and Functional Test Cases","features\Home.feature.spec.js","",""
"","3628","Verify Try here link is highlighted on hover on Basic Operations page","webkit","2026-04-02","passed","2026-04-02","Array Module","features\Array.feature.spec.js","",""
"","6553","Verify Username field character rule text","firefox","2026-04-02","passed","2026-04-02","Registration Page","features\Register.feature.spec.js","",""
"","2262","Verify Get Started button text","chromium","2026-04-02","passed","2026-04-02","Launch Page - Non Functional Test Cases","features\Launch.feature.spec.js","",""
"","4107","Verify user can sign out successfully from Array Practice page","firefox","2026-04-02","passed","2026-04-02","Array Module","features\Array.feature.spec.js","",""
"","1922","Verify launch page has 1 button","chromium","2026-04-02","passed","2026-04-02","Launch Page - Non Functional Test Cases","features\Launch.feature.spec.js","",""
"","3742","Verify Linked List card is present","firefox","2026-04-02","passed","2026-04-02","Home Page - Non Functional and Functional Test Cases","features\Home.feature.spec.js","",""
"","5326","Verify logged in user can sign out successfully","webkit","2026-04-02","passed","2026-04-02","Sign In Page","features\Login.feature.spec.js","",""
"","5061","Verify RUN button is clickable on Question 3","chromium","2026-04-02","passed","2026-04-02","Array Module","features\Array.feature.spec.js","",""
"","1719","Verify Title of Registration page","chromium","2026-04-02","passed","2026-04-02","Registration Page","features\Register.feature.spec.js","",""
"","13634","Verify Try here link navigates to Editor page from Arrays Using List","firefox","2026-04-02","passed","2026-04-02","Array Module","features\Array.feature.spec.js","",""
"","4624","Verify Basic Operations in Lists link navigates to correct page","webkit","2026-04-02","passed","2026-04-02","Array Module","features\Array.feature.spec.js","",""
"","4053","Verify Insertion in Lists sub title is present","chromium","2026-04-02","passed","2026-04-02","Array Module","features\Array.feature.spec.js","",""
"","3699","Verify Search the Array link navigates to Question 1 page","webkit","2026-04-02","passed","2026-04-02","Array Module","features\Array.feature.spec.js","",""
"","1657","Verify Username field is present","chromium","2026-04-02","passed","2026-04-02","Registration Page","features\Register.feature.spec.js","",""
"","4798","Verify Inserting at the beginning sub title is present","webkit","2026-04-02","passed","2026-04-02","Array Module","features\Array.feature.spec.js","",""
"","8455","Verify Auto Focus cursor is on Username field","webkit","2026-04-02","passed","2026-04-02","Sign In Page","features\Login.feature.spec.js","",""
"","4527","Verify Get Started button on Stack card","firefox","2026-04-02","passed","2026-04-02","Home Page - Non Functional and Functional Test Cases","features\Home.feature.spec.js","",""
"","3055","Verify Practice page title is NumpyNinja","webkit","2026-04-02","passed","2026-04-02","Array Module","features\Array.feature.spec.js","",""
"","1397","Verify Get Started button on Linked List card","chromium","2026-04-02","passed","2026-04-02","Home Page - Non Functional and Functional Test Cases","features\Home.feature.spec.js","",""
"","3732","Verify Inserting at any location sub title is present","chromium","2026-04-02","passed","2026-04-02","Array Module","features\Array.feature.spec.js","",""
"","1703","Example #2","chromium","2026-04-02","passed","2026-04-02","Home Page - Non Functional and Functional Test Cases > Validate alert when unregistered user clicks Get Started on card","features\Home.feature.spec.js","",""
"","1823","Verify that user is able to navigate to Login Page","chromium","2026-04-02","passed","2026-04-02","Sign In Page","features\Login.feature.spec.js","",""
"","3879","Verify back arrow navigates back to Applications of Array page","firefox","2026-04-02","passed","2026-04-02","Array Module","features\Array.feature.spec.js","",""
"","2604","Verify registered username is visible on Home page","chromium","2026-04-02","passed","2026-04-02","Registration Page","features\Register.feature.spec.js","",""
"","5653","Verify back arrow navigates back to Practice page from Question 1","chromium","2026-04-02","passed","2026-04-02","Array Module","features\Array.feature.spec.js","",""
"","5360","Verify cursor is focused on Username field","webkit","2026-04-02","passed","2026-04-02","Registration Page","features\Register.feature.spec.js","",""
"","3792","Verify Inserting at the beginning sub title is present","chromium","2026-04-02","passed","2026-04-02","Array Module","features\Array.feature.spec.js","",""
"","3823","Example #2","webkit","2026-04-02","passed","2026-04-02","Home Page - Non Functional and Functional Test Cases > Validate alert when unregistered user selects from dropdown","features\Home.feature.spec.js","",""
"","2495","Verify Try here link is present on Applications of Array page","webkit","2026-04-02","passed","2026-04-02","Array Module","features\Array.feature.spec.js","",""
"","5148","Verify logged in user can access Queue page","chromium","2026-04-02","passed","2026-04-02","Home Page - Non Functional and Functional Test Cases","features\Home.feature.spec.js","",""
"","4194","Verify Deleting From the Start of an Array sub title is present","chromium","2026-04-02","passed","2026-04-02","Array Module","features\Array.feature.spec.js","",""
"","4584","Verify Queue card is present","firefox","2026-04-02","passed","2026-04-02","Home Page - Non Functional and Functional Test Cases","features\Home.feature.spec.js","",""
"","4531","Verify SUBMIT button is clickable on Question 3","webkit","2026-04-02","passed","2026-04-02","Array Module","features\Array.feature.spec.js","",""
"","3496","Verify Topics Covered sub title is present","chromium","2026-04-02","passed","2026-04-02","Array Module","features\Array.feature.spec.js","",""
"","3624","Verify Deletion in Array sub title is present","chromium","2026-04-02","passed","2026-04-02","Array Module","features\Array.feature.spec.js","",""
"","5175","Verify user lands on Home page after clicking Get Started","firefox","2026-04-02","passed","2026-04-02","Launch Page - Non Functional Test Cases","features\Launch.feature.spec.js","",""
"","7516","Verify presence of Register button","webkit","2026-04-02","passed","2026-04-02","Registration Page","features\Register.feature.spec.js","",""
"","4517","Verify Find Numbers with Even Number of Digits link is present","chromium","2026-04-02","passed","2026-04-02","Array Module","features\Array.feature.spec.js","",""
"","9092","Verify Deletion Operation sub title is present","firefox","2026-04-02","passed","2026-04-02","Array Module","features\Array.feature.spec.js","",""
"","1873","Verify presence of Register button","chromium","2026-04-02","passed","2026-04-02","Registration Page","features\Register.feature.spec.js","",""
"","4479","Verify Tree card is present","webkit","2026-04-02","passed","2026-04-02","Home Page - Non Functional and Functional Test Cases","features\Home.feature.spec.js","",""
"","4187","Login with empty fields","webkit","2026-04-02","passed","2026-04-02","Sign In Page","features\Login.feature.spec.js","",""
"","1701","Verify password rule - minimum 8 characters","chromium","2026-04-02","passed","2026-04-02","Registration Page","features\Register.feature.spec.js","",""
"","7490","Verify Basic Operations in Lists link is present","webkit","2026-04-02","passed","2026-04-02","Array Module","features\Array.feature.spec.js","",""
"","2814","Verify user lands on Home page after clicking Get Started","chromium","2026-04-02","passed","2026-04-02","Launch Page - Non Functional Test Cases","features\Launch.feature.spec.js","",""
"","4982","Verify Applications of Array link navigates to correct page","firefox","2026-04-02","passed","2026-04-02","Array Module","features\Array.feature.spec.js","",""
"","6179","Verify Try here link is highlighted on hover on Basic Operations page","firefox","2026-04-02","passed","2026-04-02","Array Module","features\Array.feature.spec.js","",""
"","4041","Verify RUN button is clickable on Question 4","webkit","2026-04-02","passed","2026-04-02","Array Module","features\Array.feature.spec.js","",""
"","6211","Verify user lands on Home page after clicking Get Started","webkit","2026-04-02","passed","2026-04-02","Launch Page - Non Functional Test Cases","features\Launch.feature.spec.js","",""
"","3628","Verify RUN button is clickable on Question 2","webkit","2026-04-02","passed","2026-04-02","Array Module","features\Array.feature.spec.js","",""
"","4322","Verify RUN button is clickable on Question 2","firefox","2026-04-02","passed","2026-04-02","Array Module","features\Array.feature.spec.js","",""
"","8773","Login with invalid username and valid password","firefox","2026-04-02","passed","2026-04-02","Sign In Page","features\Login.feature.spec.js","",""
"","3978","Verify Get Started button on Array card","firefox","2026-04-02","passed","2026-04-02","Home Page - Non Functional and Functional Test Cases","features\Home.feature.spec.js","",""
"","8944","Verify password rule - minimum 8 characters","firefox","2026-04-02","passed","2026-04-02","Registration Page","features\Register.feature.spec.js","",""
"","7924","Example #2","firefox","2026-04-02","passed","2026-04-02","Home Page - Non Functional and Functional Test Cases > Validate alert when unregistered user clicks Get Started on card","features\Home.feature.spec.js","",""
"","12743","Verify Try here link is present on Arrays in Python page","webkit","2026-04-02","passed","2026-04-02","Array Module","features\Array.feature.spec.js","",""
"","3870","Verify Data Structures dropdown options for logged in user","webkit","2026-04-02","passed","2026-04-02","Home Page - Non Functional and Functional Test Cases","features\Home.feature.spec.js","",""
"","13750","Verify Try here link navigates to Editor page","webkit","2026-04-02","passed","2026-04-02","Array Module","features\Array.feature.spec.js","",""
"","3914","Example #4","webkit","2026-04-02","passed","2026-04-02","Home Page - Non Functional and Functional Test Cases > Validate alert when unregistered user clicks Get Started on card","features\Home.feature.spec.js","",""
"","3428","Verify Username field is present on Sign In page","chromium","2026-04-02","passed","2026-04-02","Sign In Page","features\Login.feature.spec.js","",""
"","7254","Verify that user is able to navigate to Login Page","webkit","2026-04-02","passed","2026-04-02","Sign In Page","features\Login.feature.spec.js","",""
"","17396","Verify back arrow navigates back to Arrays Using List page","firefox","2026-04-02","passed","2026-04-02","Array Module","features\Array.feature.spec.js","",""
"","3114","Verify Home page URL after successful registration","chromium","2026-04-02","passed","2026-04-02","Registration Page","features\Register.feature.spec.js","",""
"","3225","Verify logged in user can access Data Structures page","webkit","2026-04-02","passed","2026-04-02","Home Page - Non Functional and Functional Test Cases","features\Home.feature.spec.js","",""
"","15495","Verify Try here link navigates to Editor page","firefox","2026-04-02","passed","2026-04-02","Array Module","features\Array.feature.spec.js","",""
"","4612","Verify Auto Focus cursor is on Username field","chromium","2026-04-02","passed","2026-04-02","Sign In Page","features\Login.feature.spec.js","",""
"","7558","Validate error when username is empty and other fields filled","firefox","2026-04-02","passed","2026-04-02","Registration Page","features\Register.feature.spec.js","",""
"","4026","Verify Applications of Array title is displayed","chromium","2026-04-02","passed","2026-04-02","Array Module","features\Array.feature.spec.js","",""
"","5776","Verify 7 cards are visible on Home page","webkit","2026-04-02","passed","2026-04-02","Home Page - Non Functional and Functional Test Cases","features\Home.feature.spec.js","",""
"","8766","Example #2","firefox","2026-04-02","passed","2026-04-02","Home Page - Non Functional and Functional Test Cases > Validate alert when unregistered user selects from dropdown","features\Home.feature.spec.js","",""
"","2283","Example #3","chromium","2026-04-02","passed","2026-04-02","Home Page - Non Functional and Functional Test Cases > Validate alert when unregistered user clicks Get Started on card","features\Home.feature.spec.js","",""
"","3216","Verify 2 navigation links are present","firefox","2026-04-02","passed","2026-04-02","Home Page - Non Functional and Functional Test Cases","features\Home.feature.spec.js","",""
"","3641","Verify Basic Operations in Lists link navigates to correct page","chromium","2026-04-02","passed","2026-04-02","Array Module","features\Array.feature.spec.js","",""
"","5929","Verify launch page heading text","webkit","2026-04-02","passed","2026-04-02","Launch Page - Non Functional Test Cases","features\Launch.feature.spec.js","",""
"","4004","Validate error when username is empty and other fields filled","webkit","2026-04-02","passed","2026-04-02","Registration Page","features\Register.feature.spec.js","",""
"","4847","Verify Signin link is present","webkit","2026-04-02","passed","2026-04-02","Home Page - Non Functional and Functional Test Cases","features\Home.feature.spec.js","",""
"","19087","Verify Data Structures dropdown options for logged in user","firefox","2026-04-02","passed","2026-04-02","Home Page - Non Functional and Functional Test Cases","features\Home.feature.spec.js","",""
"","3914","Verify SUBMIT button is clickable on Question 1","webkit","2026-04-02","passed","2026-04-02","Array Module","features\Array.feature.spec.js","",""
"","1770","Verify Password field is present on Sign In page","chromium","2026-04-02","passed","2026-04-02","Sign In Page","features\Login.feature.spec.js","",""
"","28708","Verify logged in user can access Data Structures page","firefox","2026-04-02","passed","2026-04-02","Home Page - Non Functional and Functional Test Cases","features\Home.feature.spec.js","",""
"","6126","Example #3","firefox","2026-04-02","passed","2026-04-02","Home Page - Non Functional and Functional Test Cases > Validate alert when unregistered user selects from dropdown","features\Home.feature.spec.js","",""
"","4945","Verify Password field is present on Sign In page","firefox","2026-04-02","passed","2026-04-02","Sign In Page","features\Login.feature.spec.js","",""
"","19851","Verify logged in user can access Array page","firefox","2026-04-02","passed","2026-04-02","Home Page - Non Functional and Functional Test Cases","features\Home.feature.spec.js","",""
"","4953","Verify back arrow navigates back to Practice page from Question 2","chromium","2026-04-02","passed","2026-04-02","Array Module","features\Array.feature.spec.js","",""
"","5640","Verify Try here link navigates to Editor page from Arrays Using List","chromium","2026-04-02","passed","2026-04-02","Array Module","features\Array.feature.spec.js","",""
"","15742","Verify registered user is able to sign out successfully","firefox","2026-04-02","passed","2026-04-02","Registration Page","features\Register.feature.spec.js","",""
"","4114","Verify Password field is present","webkit","2026-04-02","passed","2026-04-02","Registration Page","features\Register.feature.spec.js","",""
"","3617","Verify back arrow navigates back to Practice page from Question 1","webkit","2026-04-02","passed","2026-04-02","Array Module","features\Array.feature.spec.js","",""
"","5234","Verify Register button is clickable","firefox","2026-04-02","passed","2026-04-02","Registration Page","features\Register.feature.spec.js","",""
"","3647","Verify Search Operation sub title is present","chromium","2026-04-02","passed","2026-04-02","Array Module","features\Array.feature.spec.js","",""
"","5095","Verify Graph card is present","webkit","2026-04-02","passed","2026-04-02","Home Page - Non Functional and Functional Test Cases","features\Home.feature.spec.js","",""
"","4991","Example #3","webkit","2026-04-02","passed","2026-04-02","Home Page - Non Functional and Functional Test Cases > Validate alert when unregistered user clicks Get Started on card","features\Home.feature.spec.js","",""
"","2012","Verify Register button is clickable","chromium","2026-04-02","passed","2026-04-02","Registration Page","features\Register.feature.spec.js","",""
"","1447","Verify Signin link is present","chromium","2026-04-02","passed","2026-04-02","Home Page - Non Functional and Functional Test Cases","features\Home.feature.spec.js","",""
"","2893","Verify Try here link is present on Applications of Array page","firefox","2026-04-02","passed","2026-04-02","Array Module","features\Array.feature.spec.js","",""
"","3091","Verify Tree card is present","firefox","2026-04-02","passed","2026-04-02","Home Page - Non Functional and Functional Test Cases","features\Home.feature.spec.js","",""
"","3940","Valid login with correct credentials","chromium","2026-04-02","passed","2026-04-02","Sign In Page","features\Login.feature.spec.js","",""
"","1836","Verify Get Started button is enabled","chromium","2026-04-02","passed","2026-04-02","Launch Page - Non Functional Test Cases","features\Launch.feature.spec.js","",""
"","3711","Verify Find Numbers with Even Number of Digits link is present","firefox","2026-04-02","passed","2026-04-02","Array Module","features\Array.feature.spec.js","",""
"","4991","Example #5","firefox","2026-04-02","passed","2026-04-02","Home Page - Non Functional and Functional Test Cases > Validate alert when unregistered user clicks Get Started on card","features\Home.feature.spec.js","",""
"","2592","Verify Applications of Array link navigates to correct page","webkit","2026-04-02","passed","2026-04-02","Array Module","features\Array.feature.spec.js","",""
"","2793","Login with valid username and invalid password - only 5 characters","chromium","2026-04-02","passed","2026-04-02","Sign In Page","features\Login.feature.spec.js","",""
"","6827","Verify Auto Focus cursor is on Username field","firefox","2026-04-02","passed","2026-04-02","Sign In Page","features\Login.feature.spec.js","",""
"","1535","Verify Stack card is present","chromium","2026-04-02","passed","2026-04-02","Home Page - Non Functional and Functional Test Cases","features\Home.feature.spec.js","",""
"","1478","Verify Graph card is present","chromium","2026-04-02","passed","2026-04-02","Home Page - Non Functional and Functional Test Cases","features\Home.feature.spec.js","",""
"","4035","Verify logged in user can access Data Structures page","chromium","2026-04-02","passed","2026-04-02","Home Page - Non Functional and Functional Test Cases","features\Home.feature.spec.js","",""
"","2489","Login with unregistered username and valid password","chromium","2026-04-02","passed","2026-04-02","Sign In Page","features\Login.feature.spec.js","",""
"","3702","Verify Try here link navigates to Editor page from Applications","firefox","2026-04-02","passed","2026-04-02","Array Module","features\Array.feature.spec.js","",""
"","3009","Verify Practice page title is NumpyNinja","firefox","2026-04-02","passed","2026-04-02","Array Module","features\Array.feature.spec.js","",""
"","3111","Verify Find Numbers with Even Number of Digits link is present","webkit","2026-04-02","passed","2026-04-02","Array Module","features\Array.feature.spec.js","",""
"","3689","Verify Deleting From the End of an Array sub title is present","webkit","2026-04-02","passed","2026-04-02","Array Module","features\Array.feature.spec.js","",""
"","4249","Verify Try here link navigates to Editor page","chromium","2026-04-02","passed","2026-04-02","Array Module","features\Array.feature.spec.js","",""
"","4597","Verify launch page has 1 button","firefox","2026-04-02","passed","2026-04-02","Launch Page - Non Functional Test Cases","features\Launch.feature.spec.js","",""
"","4225","Verify Deleting From the End of an Array sub title is present","chromium","2026-04-02","passed","2026-04-02","Array Module","features\Array.feature.spec.js","",""
"","4159","Verify Search the Array link navigates to Question 1 page","firefox","2026-04-02","passed","2026-04-02","Array Module","features\Array.feature.spec.js","",""
"","4434","Example #4","webkit","2026-04-02","passed","2026-04-02","Home Page - Non Functional and Functional Test Cases > Validate alert when unregistered user selects from dropdown","features\Home.feature.spec.js","",""
"","2656","Login with empty fields","chromium","2026-04-02","passed","2026-04-02","Sign In Page","features\Login.feature.spec.js","",""
"","2943","Verify logged in user can access Tree page","webkit","2026-04-02","passed","2026-04-02","Home Page - Non Functional and Functional Test Cases","features\Home.feature.spec.js","",""
"","2302","Login with unregistered username and unregistered password","chromium","2026-04-02","passed","2026-04-02","Sign In Page","features\Login.feature.spec.js","",""
"","3524","Verify Find Numbers with Even Digits link navigates to Question 3 page","webkit","2026-04-02","passed","2026-04-02","Array Module","features\Array.feature.spec.js","",""
"","5055","Verify Insertion in Lists sub title is present","webkit","2026-04-02","passed","2026-04-02","Array Module","features\Array.feature.spec.js","",""
"","11288","Login with unregistered username and unregistered password","firefox","2026-04-02","passed","2026-04-02","Sign In Page","features\Login.feature.spec.js","",""
"","7935","Verify Applications of Array link is present","webkit","2026-04-02","passed","2026-04-02","Array Module","features\Array.feature.spec.js","",""
"","3254","Verify Arrays in Python link navigates to correct page","chromium","2026-04-02","passed","2026-04-02","Array Module","features\Array.feature.spec.js","",""
"","3794","Verify Squares of a Sorted Array link navigates to Question 4 page","webkit","2026-04-02","passed","2026-04-02","Array Module","features\Array.feature.spec.js","",""
"","10089","Verify registered username is visible on Home page","firefox","2026-04-02","passed","2026-04-02","Registration Page","features\Register.feature.spec.js","",""
"","3142","Verify logged in user can access Stack page","webkit","2026-04-02","passed","2026-04-02","Home Page - Non Functional and Functional Test Cases","features\Home.feature.spec.js","",""
"","3580","Verify Try here link is present on Basic Operations page","webkit","2026-04-02","passed","2026-04-02","Array Module","features\Array.feature.spec.js","",""
"","3783","Example #7","webkit","2026-04-02","passed","2026-04-02","Home Page - Non Functional and Functional Test Cases > Validate alert when unregistered user clicks Get Started on card","features\Home.feature.spec.js","",""
"","3352","Verify Try here link is highlighted on hover","chromium","2026-04-02","passed","2026-04-02","Array Module","features\Array.feature.spec.js","",""
"","6044","Verify Arrays Using List link navigates to correct page","chromium","2026-04-02","passed","2026-04-02","Array Module","features\Array.feature.spec.js","",""
"","6357","Verify Try here link navigates to Editor page from Basic Operations","firefox","2026-04-02","passed","2026-04-02","Array Module","features\Array.feature.spec.js","",""
"","9096","Verify Register button is clickable","webkit","2026-04-02","passed","2026-04-02","Registration Page","features\Register.feature.spec.js","",""
"","4218","Example #3","webkit","2026-04-02","passed","2026-04-02","Home Page - Non Functional and Functional Test Cases > Validate alert when unregistered user selects from dropdown","features\Home.feature.spec.js","",""
"","10350","Example #3","firefox","2026-04-02","passed","2026-04-02","Home Page - Non Functional and Functional Test Cases > Validate alert when unregistered user clicks Get Started on card","features\Home.feature.spec.js","",""
"","12407","Example #4","firefox","2026-04-02","passed","2026-04-02","Home Page - Non Functional and Functional Test Cases > Validate alert when unregistered user selects from dropdown","features\Home.feature.spec.js","",""
"","3501","Verify user can sign out successfully from Array Practice page","webkit","2026-04-02","passed","2026-04-02","Array Module","features\Array.feature.spec.js","",""
"","5184","Verify user can land on DS Algo portal","webkit","2026-04-02","passed","2026-04-02","Launch Page - Non Functional Test Cases","features\Launch.feature.spec.js","",""
"","9706","Verify Arrays Using List link navigates to correct page","firefox","2026-04-02","passed","2026-04-02","Array Module","features\Array.feature.spec.js","",""
"","7015","Verify Applications of Array link is present","firefox","2026-04-02","passed","2026-04-02","Array Module","features\Array.feature.spec.js","",""
"","4024","Verify Deletion in list sub title is present","webkit","2026-04-02","passed","2026-04-02","Array Module","features\Array.feature.spec.js","",""
"","6086","Verify back arrow navigates back to Basic Operations page","chromium","2026-04-02","passed","2026-04-02","Array Module","features\Array.feature.spec.js","",""
"","6884","Verify Deleting From the End of an Array sub title is present","firefox","2026-04-02","passed","2026-04-02","Array Module","features\Array.feature.spec.js","",""
"","7229","Example #1","webkit","2026-04-02","passed","2026-04-02","Home Page - Non Functional and Functional Test Cases > Validate alert when unregistered user clicks Get Started on card","features\Home.feature.spec.js","",""
"","1326","Verify 7 cards are visible on Home page","chromium","2026-04-02","passed","2026-04-02","Home Page - Non Functional and Functional Test Cases","features\Home.feature.spec.js","",""
"","14877","Verify back arrow navigates back to Arrays in Python page","firefox","2026-04-02","passed","2026-04-02","Array Module","features\Array.feature.spec.js","",""
